Date,Close/Last,Volume,Open,High,Low
01/13/2023,11079.16,--,10906.37,11084.01,10900.16
01/12/2023,11001.1,--,10969.26,11027.75,10797.12
01/11/2023,10931.67,--,10794.99,10932.44,10762.73
01/10/2023,10742.63,--,10607.72,10743.67,10589.59
01/09/2023,10635.65,--,10662.1,10807.26,10619.12
01/06/2023,10569.29,--,10363.96,10604.14,10265.04
01/05/2023,10305.24,--,10390.31,10393.22,10295.25
01/04/2023,10458.76,--,10467.82,10515.22,10337.64
01/03/2023,10386.98,--,10562.06,10613.06,10309.16
12/30/2022,10466.48,--,10368.37,10468.31,10324.7
12/29/2022,10478.09,--,10321.46,10502.08,10301.06
12/28/2022,10213.29,--,10339.2,10414.82,10207.47
12/27/2022,10353.23,--,10462.19,10472.32,10340.73
12/23/2022,10497.86,--,10437.75,10514.76,10361.82
12/22/2022,10476.12,--,10586.46,10599.34,10313.32
12/21/2022,10709.37,--,10592,10753.57,10569.2
12/20/2022,10547.11,--,10490.89,10609.46,10446.82
12/19/2022,10546.03,--,10707.44,10713.97,10497.55
12/16/2022,10705.41,--,10767.63,10833.24,10642.1
12/15/2022,10810.53,--,11012.62,11029.57,10775.61
12/14/2022,11170.89,--,11248.09,11352.09,11065.24
12/13/2022,11256.81,--,11542.84,11571.64,11160.54
12/12/2022,11143.74,--,11015.48,11144.67,10984.82
12/09/2022,11004.62,--,11038.17,11138.7,10999.26
12/08/2022,11082,--,11011.33,11119.16,10939.47
12/07/2022,10958.55,--,10963.95,11039.81,10910.62
12/06/2022,11014.89,--,11228.42,11241.42,10956.2
12/05/2022,11239.94,--,11380.99,11425.51,11193.02
12/02/2022,11461.5,--,11308.38,11492.32,11296.72
12/01/2022,11482.45,--,11475.17,11546.77,11378.75
11/30/2022,11468,--,10995.2,11468.47,10966.53
11/29/2022,10983.78,--,11060.02,11086.02,10944.37
11/28/2022,11049.5,--,11147.57,11217.75,11020.69
11/25/2022,11226.36,--,11231,11261.57,11206.38
11/23/2022,11285.32,--,11174.61,11310.82,11174.61
11/22/2022,11174.41,--,11058.56,11179.87,10975.66
11/21/2022,11024.51,--,11091.01,11128.78,10999.75
11/18/2022,11146.06,--,11257.01,11259.44,11059.16
11/17/2022,11144.96,--,11008.67,11198.84,11006.21
11/16/2022,11183.66,--,11260.1,11286.1,11162.92
11/15/2022,11358.41,--,11474.82,11492.62,11241.15
11/14/2022,11196.22,--,11233.9,11350.12,11167.17
11/11/2022,11323.33,--,11124.75,11352.43,11069.83
11/10/2022,11114.15,--,10869.17,11119.11,10779.95
11/09/2022,10353.17,--,10531.64,10564.97,10344.01
11/08/2022,10616.2,--,10611.53,10745.64,10472.73
11/07/2022,10564.52,--,10516.94,10587.96,10428.91
11/04/2022,10475.25,--,10548.14,10553.63,10262.93
11/03/2022,10342.94,--,10399.45,10486.01,10319.54
11/02/2022,10524.8,--,10885.01,10993.24,10522.9
11/01/2022,10890.85,--,11154.74,11156.35,10881.19
10/31/2022,10988.15,--,11028.43,11047.94,10914
10/28/2022,11102.45,--,10766.2,11117.04,10766.2
10/27/2022,10792.67,--,10971.95,10998.73,10780.5
10/26/2022,10970.99,--,10969.02,11205.84,10948.38
10/25/2022,11199.12,--,10996.97,11210.38,10996.97
10/24/2022,10952.61,--,10867.07,10983.52,10713.33
10/21/2022,10859.72,--,10576.04,10875.72,10542.43
10/20/2022,10614.84,--,10657.41,10837.3,10574.55
10/19/2022,10680.51,--,10689.31,10808.04,10592.88
10/18/2022,10772.4,--,10963.99,10972.97,10670.12
10/17/2022,10675.8,--,10575.65,10696.59,10569.69
10/14/2022,10321.39,--,10742.81,10766.69,10308.81
10/13/2022,10649.15,--,10131.82,10697.71,10088.83
10/12/2022,10417.1,--,10437,10494.53,10372.21
10/11/2022,10426.19,--,10484.37,10608.84,10351.98
10/10/2022,10542.1,--,10659.95,10669.93,10449.04
10/07/2022,10652.4,--,10877.28,10891.93,10608.52
10/06/2022,11073.31,--,11129.04,11230.44,11051.27
10/05/2022,11148.64,--,11022.67,11210.32,10910.76
10/04/2022,11176.41,--,11054.72,11189.96,11044.04
10/03/2022,10815.43,--,10659.01,10875.46,10577.89
09/30/2022,10575.62,--,10697.71,10883.04,10572.33
09/29/2022,10737.51,--,10894.44,10899.47,10623.22
09/28/2022,11051.64,--,10817.52,11101.5,10776.34
09/27/2022,10829.5,--,10955.29,11040.98,10741.02
09/26/2022,10802.92,--,10833.38,11024,10789.05
09/23/2022,10867.93,--,10952.69,10958.29,10732.72
09/22/2022,11066.81,--,11167.38,11203.77,11024.64
09/21/2022,11220.19,--,11466.21,11613.57,11218.99
09/20/2022,11425.05,--,11440.14,11520.99,11343.72
09/19/2022,11535.02,--,11338.57,11538.13,11337.83
09/16/2022,11448.4,--,11401.21,11460.43,11316.92
09/15/2022,11552.36,--,11633.24,11760.73,11497.11
09/14/2022,11719.68,--,11680.41,11746.83,11602.76
09/13/2022,11633.57,--,11908.81,11957.97,11604.43
09/12/2022,12266.41,--,12174.94,12270.19,12169.28
09/09/2022,12112.31,--,11958.61,12132.67,11958.61
09/08/2022,11862.13,--,11679.86,11896.73,11660.53
09/07/2022,11791.9,--,11559.38,11819.07,11555.08
09/06/2022,11544.91,--,11643.03,11679.43,11471.5
09/02/2022,11630.86,--,11899.14,11945.91,11573.51
09/01/2022,11785.13,--,11707.44,11798.37,11546.52
08/31/2022,11816.2,--,11972.56,12027.43,11814.17
08/30/2022,11883.14,--,12093.06,12101.85,11790.02
08/29/2022,12017.67,--,12021.05,12124.87,11981.42
08/26/2022,12141.71,--,12630.58,12655.84,12141.52
08/25/2022,12639.27,--,12506.37,12641.26,12471.98
08/24/2022,12431.53,--,12375.15,12504.33,12350.16
08/23/2022,12381.3,--,12380.37,12490.85,12352.03
08/22/2022,12381.57,--,12523.16,12538.55,12353.73
08/19/2022,12705.22,--,12832.27,12859.01,12674.87
08/18/2022,12965.34,--,12937.79,13002.66,12873.49
08/17/2022,12938.12,--,12968.63,13053.51,12863.01
08/16/2022,13102.55,--,13082.64,13181.09,12979.24
08/15/2022,13128.05,--,12996.63,13146.06,12993.78
08/12/2022,13047.19,--,12866.31,13047.19,12821.22
08/11/2022,12779.91,--,12987.95,13026.24,12760.09
08/10/2022,12854.8,--,12793.44,12861.44,12698.61
08/09/2022,12493.93,--,12557.49,12582.91,12438.86
08/08/2022,12644.46,--,12703.72,12855.15,12597.75
08/05/2022,12657.55,--,12538.8,12720.44,12525.77
08/04/2022,12720.58,--,12675.04,12736.19,12600.78
08/03/2022,12668.16,--,12433.87,12699.64,12425.21
08/02/2022,12348.76,--,12479.78,12503.34,12260.48
08/01/2022,12368.98,--,12317.96,12499.72,12271.98
07/29/2022,12390.69,--,12239.69,12426.26,12181.13
07/28/2022,12162.59,--,12036.48,12179.09,11886.67
07/27/2022,12032.42,--,11756.19,12081.73,11718.38
07/26/2022,11562.57,--,11701.53,11711.31,11533.37
07/25/2022,11782.67,--,11837.96,11855.11,11707.53
07/22/2022,11834.11,--,12025.37,12093.02,11767.19
07/21/2022,12059.61,--,11914.15,12060.59,11812.72
07/20/2022,11897.65,--,11726.09,11939.96,11703.36
07/19/2022,11713.15,--,11515,11721.22,11448.97
07/18/2022,11360.05,--,11561.64,11629.03,11322.84
07/15/2022,11452.42,--,11379.36,11454.69,11295.33
07/14/2022,11251.19,--,11151.21,11279.97,11005.93
07/13/2022,11247.58,--,11056.55,11325.67,11031.27
07/12/2022,11264.73,--,11420.89,11483.17,11207.08
07/11/2022,11372.6,--,11524.49,11541.1,11348.06
07/08/2022,11635.31,--,11503.61,11689.7,11479.77
07/07/2022,11621.35,--,11422.6,11644.47,11412.88
07/06/2022,11361.85,--,11337.9,11443.15,11250.32
07/05/2022,11322.24,--,10964.18,11323.89,10911.45
07/01/2022,11127.85,--,11006.83,11132.55,10922.71
06/30/2022,11028.74,--,11048.25,11160.92,10850.01
06/29/2022,11177.89,--,11160.22,11226.33,11072.19
06/28/2022,11181.54,--,11542.24,11635.85,11177.68
06/27/2022,11524.55,--,11661.02,11677.49,11487.07
06/24/2022,11607.62,--,11351.31,11613.23,11337.78
06/23/2022,11232.19,--,11137.68,11260.27,11046.28
06/22/2022,11053.08,--,10941.95,11216.77,10938.06
06/21/2022,11069.3,--,10974.05,11164.99,10974.05
06/17/2022,10798.35,--,10697.55,10884.71,10638.72
06/16/2022,10646.1,--,10806.02,10831.07,10565.14
06/15/2022,11099.15,--,10968.4,11244.26,10866.39
06/14/2022,10828.35,--,10897.43,10926.81,10733.04
06/13/2022,10809.23,--,10986.85,11071.48,10775.14
06/10/2022,11340.02,--,11543.88,11569.15,11328.27
06/09/2022,11754.23,--,12016.47,12115.06,11751.98
06/08/2022,12086.27,--,12147.28,12235.78,12052.7
06/07/2022,12175.23,--,11925.81,12194.86,11888.61
06/06/2022,12061.37,--,12200.33,12245.4,12004.2
06/03/2022,12012.73,--,12097.12,12167.44,11966.62
06/02/2022,12316.9,--,11945.57,12320.12,11901.45
06/01/2022,11994.46,--,12176.89,12237.94,11901.43
05/31/2022,12081.39,--,12137.54,12190.08,11942.5
05/27/2022,12131.13,--,11869.69,12131.66,11856.82
05/26/2022,11740.65,--,11409.84,11796.97,11406.16
05/25/2022,11434.74,--,11225.03,11511.9,11211.85
05/24/2022,11264.45,--,11326.44,11351.61,11092.48
05/23/2022,11535.27,--,11395.47,11552.07,11304.56
05/20/2022,11354.62,--,11542.67,11552.21,11035.69
05/19/2022,11388.5,--,11364.4,11562.82,11313.31
05/18/2022,11418.15,--,11790.68,11826.22,11381.69
05/17/2022,11984.52,--,11887.98,11988.43,11754.28
05/16/2022,11662.79,--,11727.14,11804.59,11627.53
05/13/2022,11805,--,11555.97,11856.71,11510.26
05/12/2022,11370.96,--,11199.25,11547.33,11108.76
05/11/2022,11364.24,--,11645.57,11844.51,11339.18
05/10/2022,11737.67,--,11900.34,11944.94,11566.28
05/09/2022,11623.25,--,11923.03,11990.61,11574.94
05/06/2022,12144.66,--,12246.83,12358.42,11990.15
05/05/2022,12317.69,--,12787.52,12787.52,12183.56
05/04/2022,12964.86,--,12574.73,12985.01,12367.02
05/03/2022,12563.76,--,12511.46,12645.83,12460.99
05/02/2022,12536.02,--,12331.69,12542.54,12202.41
04/29/2022,12334.64,--,12710.42,12861.83,12315.74
04/28/2022,12871.53,--,12712.86,12948.52,12487.86
04/27/2022,12488.93,--,12500.88,12703.79,12430.9
04/26/2022,12490.74,--,12918.04,12918.04,12490.74
04/25/2022,13004.85,--,12749.17,13011.45,12722.59
04/22/2022,12839.29,--,13168.8,13212.6,12828.02
04/21/2022,13174.65,--,13623.7,13710.69,13140.83
04/20/2022,13453.07,--,13665.38,13678.55,13426.12
04/19/2022,13619.66,--,13312.44,13643.97,13281.22
04/18/2022,13332.36,--,13319.39,13414.27,13222.03
04/14/2022,13351.08,--,13647.43,13662.93,13345.22
04/13/2022,13643.59,--,13373.12,13679.43,13353.66
04/12/2022,13371.57,--,13584.69,13685.95,13317.74
04/11/2022,13411.96,--,13547.29,13585.08,13401.39
04/08/2022,13711,--,13830.47,13866.06,13693.69
04/07/2022,13897.3,--,13861.49,13978.25,13689.23
04/06/2022,13888.82,--,14002.58,14032.84,13788.9
04/05/2022,14204.17,--,14262.28,14500.29,14169.12
04/04/2022,14532.55,--,14304.35,14534.38,14286.45
04/01/2022,14261.5,--,14269.53,14306.94,14131.81
03/31/2022,14220.52,--,14444.78,14456.74,14217.72
03/30/2022,14442.27,--,14558.59,14609.25,14383.45
03/29/2022,14619.64,--,14500.39,14646.9,14419.4
03/28/2022,14354.9,--,14177.21,14356,14101.34
03/25/2022,14169.3,--,14194.72,14218.76,14010.79
03/24/2022,14191.84,--,14001.32,14193.55,13897.2
03/23/2022,13922.6,--,13990.35,14152.14,13921.65
03/22/2022,14108.82,--,13866.43,14141.07,13857.29
03/21/2022,13838.46,--,13860.39,13945.8,13682.55
03/18/2022,13893.84,--,13564.63,13899.28,13528.06
03/17/2022,13614.78,--,13360.72,13620.8,13317.14
03/16/2022,13436.55,--,13119.36,13440.12,12992.2
03/15/2022,12948.62,--,12685.23,12973.88,12616.59
03/14/2022,12581.22,--,12795.12,12918.01,12555.35
03/11/2022,12843.81,--,13229.77,13239.35,12830.37
03/10/2022,13129.96,--,13098.35,13163.5,12946.28
03/09/2022,13255.55,--,13113.7,13301.16,13039.79
03/08/2022,12795.55,--,12800.04,13159.44,12670.08
03/07/2022,12830.96,--,13328.36,13353.28,12828.02
03/04/2022,13313.44,--,13455.23,13486.71,13224.98
03/03/2022,13537.94,--,13837.59,13837.59,13472.64
03/02/2022,13752.02,--,13597.53,13796.55,13493.9
03/01/2022,13532.46,--,13716.7,13777.04,13441.32
02/28/2022,13751.4,--,13570.83,13810.64,13549.9
02/25/2022,13694.62,--,13485.26,13696.86,13358.29
02/24/2022,13473.58,--,12587.88,13486.11,12587.88
02/23/2022,13037.49,--,13511.75,13533.78,13032.17
02/22/2022,13381.52,--,13424.36,13618.72,13249.65
02/18/2022,13548.07,--,13735.4,13762.4,13465.56
02/17/2022,13716.72,--,14004.19,14020.82,13704.7
02/16/2022,14124.09,--,14038.92,14163.73,13931.99
02/15/2022,14139.76,--,13997.18,14142.49,13976.29
02/14/2022,13790.92,--,13768.97,13921.71,13664.76
02/11/2022,13791.15,--,14213.62,14246.7,13733.16
02/10/2022,14185.64,--,14228.68,14509.56,14118.2
02/09/2022,14490.37,--,14368.16,14490.72,14330.87
02/08/2022,14194.45,--,13984.43,14226.48,13934.78
02/07/2022,14015.67,--,14118.79,14236.31,13974.1
02/04/2022,14098.01,--,13958.48,14222.76,13850.39
02/03/2022,13878.82,--,14045.83,14207.88,13851.74
02/02/2022,14417.55,--,14494.47,14504.82,14264.65
02/01/2022,14346,--,14277.43,14358.69,14070.77
01/31/2022,14239.88,--,13812.19,14242.9,13767.71
01/28/2022,13770.57,--,13436.71,13771.91,13236.56
01/27/2022,13352.78,--,13710.99,13765.91,13322.66
01/26/2022,13542.12,--,13871.77,14002.65,13392.19
01/25/2022,13539.29,--,13610.87,13781.62,13414.14
01/24/2022,13855.13,--,13481.5,13876.61,13094.65
01/21/2022,13768.92,--,14046.22,14171.72,13764.24
01/20/2022,14154.02,--,14462.85,14642.03,14140.78
01/19/2022,14340.26,--,14582.22,14658.89,14331.65
01/18/2022,14506.9,--,14681.83,14740.54,14482.94
01/14/2022,14893.75,--,14708.02,14897.68,14689.43
01/13/2022,14806.81,--,15245.04,15259.71,14782.24
01/12/2022,15188.39,--,15263.1,15319.03,15117.29
01/11/2022,15153.45,--,14919.26,15158.71,14837.63
01/10/2022,14942.83,--,14751.78,14953.85,14530.23
01/07/2022,14935.9,--,15095.72,15171.02,14877.63
01/06/2022,15080.86,--,15024.15,15198.45,14914.87
01/05/2022,15100.17,--,15547.16,15586.3,15095.18
01/04/2022,15622.72,--,15852.14,15852.14,15512.41
01/03/2022,15832.8,--,15732.5,15832.8,15644.09
12/31/2021,15644.97,--,15722.91,15777.43,15643.93
12/30/2021,15741.56,--,15758.98,15868.09,15729.16
12/29/2021,15766.22,--,15794.92,15821.81,15679.85
12/28/2021,15781.72,--,15895.2,15901.47,15757.07
12/27/2021,15871.26,--,15696.83,15871.4,15696.83
12/23/2021,15653.37,--,15544.79,15697.98,15528.91
12/22/2021,15521.89,--,15319.16,15525.97,15303.06
12/21/2021,15341.09,--,15140.43,15349.06,15015.03
12/20/2021,14980.94,--,14933,15007.3,14860.04
12/17/2021,15169.68,--,15036.77,15288.78,14960.37
12/16/2021,15180.43,--,15629.08,15633.19,15119.49
12/15/2021,15565.58,--,15230.71,15575.76,15055.23
12/14/2021,15237.64,--,15215.96,15317.55,15097.35
12/13/2021,15413.28,--,15621.27,15637.06,15408.25
12/10/2021,15630.6,--,15629.59,15677.6,15477.85
12/09/2021,15517.37,--,15720.54,15796.05,15511.12
12/08/2021,15786.99,--,15690.65,15792.64,15618.88
12/07/2021,15686.92,--,15510.91,15720.09,15507.66
12/06/2021,15225.15,--,15117.63,15281.99,14931.61
12/03/2021,15085.47,--,15428.71,15470.36,14931.06
12/02/2021,15381.32,--,15181.82,15444.54,15150.12
12/01/2021,15254.05,--,15752.27,15816.82,15243.93
11/30/2021,15537.69,--,15716.5,15828.2,15451.39
11/29/2021,15782.83,--,15719.42,15833.11,15644.61
11/26/2021,15491.66,--,15664.38,15731.54,15456.09
11/24/2021,15845.23,--,15677.88,15848.56,15591.36
11/23/2021,15775.14,--,15809.5,15895.86,15601.46
11/22/2021,15854.76,--,16120.92,16212.23,15851.04
11/19/2021,16057.44,--,16042.16,16121.12,16017.23
11/18/2021,15993.71,--,15973.39,16010.88,15848.83
11/17/2021,15921.57,--,15973.62,15998.57,15909.39
11/16/2021,15973.86,--,15840.32,15989.61,15825
11/15/2021,15853.85,--,15894.82,15918.45,15778.31
11/12/2021,15860.96,--,15752.62,15874.57,15705.38
11/11/2021,15704.28,--,15752.08,15768.03,15695.77
11/10/2021,15622.71,--,15753.84,15867.24,15543.68
11/09/2021,15886.54,--,16024.13,16035.21,15836.68
11/08/2021,15982.36,--,15995.72,16038.23,15961.81
11/05/2021,15971.59,--,16003.56,16053.39,15900.78
11/04/2021,15940.31,--,15849.74,15966.09,15827.66
11/03/2021,15811.58,--,15658.52,15821.57,15616.44
11/02/2021,15649.6,--,15583.98,15656.6,15569.27
11/01/2021,15595.92,--,15541.26,15598.95,15470.82
10/29/2021,15498.39,--,15323.29,15504.12,15323.29
10/28/2021,15448.12,--,15304.74,15452.3,15290.31
10/27/2021,15235.84,--,15276,15364.54,15235.84
10/26/2021,15235.71,--,15317.5,15384,15198.23
10/25/2021,15226.71,--,15165.52,15259.63,15070.75
10/22/2021,15090.2,--,15158.06,15193.01,15021.02
10/21/2021,15215.7,--,15104.8,15222.25,15094.14
10/20/2021,15121.68,--,15160,15178.39,15071.15
10/19/2021,15129.09,--,15073.13,15137.85,15049.73
10/18/2021,15021.81,--,14839.74,15026.68,14833.28
10/15/2021,14897.34,--,14891.24,14904.98,14847.96
10/14/2021,14823.43,--,14717.5,14827.56,14699.52
10/13/2021,14571.64,--,14537.17,14589.28,14471.87
10/12/2021,14465.92,--,14539.09,14552.71,14441.6
10/11/2021,14486.2,--,14540.08,14665.99,14482.61
10/08/2021,14579.54,--,14694.72,14699.91,14569.68
10/07/2021,14654.02,--,14631.8,14755.72,14615.14
10/06/2021,14501.91,--,14289.45,14509.55,14259.07
10/05/2021,14433.83,--,14312.86,14508.65,14299.78
10/04/2021,14255.48,--,14493.12,14499.74,14181.69
10/01/2021,14566.7,--,14494.93,14606.82,14324.01
09/30/2021,14448.58,--,14582.6,14632.36,14444.3
09/29/2021,14512.44,--,14614.88,14676.62,14493.67
09/28/2021,14546.68,--,14787.21,14817.74,14539.88
09/27/2021,14969.97,--,14954.18,15003.16,14864.96
09/24/2021,15047.7,--,14961.61,15067.56,14946.57
09/23/2021,15052.24,--,14960,15085.44,14932.51
09/22/2021,14896.85,--,14800.59,14950.12,14767.01
09/21/2021,14746.4,--,14803.36,14847.03,14696.47
09/20/2021,14713.9,--,14758.14,14841.82,14530.07
09/17/2021,15043.97,--,15163.35,15166.56,14998.73
09/16/2021,15181.92,--,15120.09,15205.5,15047.14
09/15/2021,15161.53,--,15071.34,15174.38,14984.68
09/14/2021,15037.76,--,15168.45,15181.19,15008.3
09/13/2021,15105.58,--,15211.43,15215.44,15030.85
09/10/2021,15115.49,--,15332.92,15349.47,15111.31
09/09/2021,15248.25,--,15296.06,15352.38,15245.17
09/08/2021,15286.64,--,15360.35,15360.35,15206.61
09/07/2021,15374.33,--,15375.98,15403.44,15343.28
09/03/2021,15363.52,--,15313.41,15375.56,15283.67
09/02/2021,15331.18,--,15358.47,15380.07,15285.35
09/01/2021,15309.38,--,15308.98,15379.5,15302.11
08/31/2021,15259.24,--,15262.88,15278.96,15202.67
08/30/2021,15265.89,--,15165.94,15288.08,15165.12
08/27/2021,15129.5,--,14969.77,15144.48,14966.52
08/26/2021,14945.81,--,15025.17,15059.63,14939.56
08/25/2021,15041.86,--,15039.03,15059.43,15011.58
08/24/2021,15019.8,--,14978.14,15034.89,14965.54
08/23/2021,14942.65,--,14776.98,14963.47,14776.98
08/20/2021,14714.66,--,14571.53,14722.16,14571.53
08/19/2021,14541.79,--,14423.16,14610.76,14423.16
08/18/2021,14525.91,--,14636.24,14697.25,14516.3
08/17/2021,14656.18,--,14670.56,14716.95,14550.88
08/16/2021,14793.76,--,14771.53,14794.68,14610.02
08/13/2021,14822.9,--,14825.07,14850.61,14797.22
08/12/2021,14816.26,--,14751.36,14824.31,14698.94
08/11/2021,14765.14,--,14834.38,14842.5,14692.41
08/10/2021,14788.09,--,14887.74,14894.61,14754.48
08/09/2021,14860.18,--,14855.76,14883.81,14802.69
08/06/2021,14835.76,--,14864.22,14890.18,14788.59
08/05/2021,14895.12,--,14794.08,14896.47,14776.03
08/04/2021,14780.53,--,14747.21,14812.37,14734.12
08/03/2021,14761.29,--,14713.99,14762.6,14584.09
08/02/2021,14681.07,--,14672.68,14770.41,14665.67
07/30/2021,14672.68,--,14615.85,14728.78,14615.85
07/29/2021,14778.26,--,14771.17,14833.74,14761.38
07/28/2021,14762.58,--,14783.54,14798.88,14645.63
07/27/2021,14660.58,--,14807.95,14811.08,14503.76
07/26/2021,14840.71,--,14821.03,14863.65,14790.49
07/23/2021,14836.99,--,14753.06,14846.06,14698.77
07/22/2021,14684.6,--,14652.72,14694.19,14617.87
07/21/2021,14631.95,--,14508.75,14633.14,14498.65
07/20/2021,14498.88,--,14330.46,14555.75,14271.23
07/19/2021,14274.98,--,14235.98,14313.6,14178.66
07/16/2021,14427.24,--,14597.51,14623.02,14413.32
07/15/2021,14543.13,--,14635.78,14650.37,14451.8
07/14/2021,14644.95,--,14780.9,14790.55,14632.95
07/13/2021,14677.65,--,14715.13,14803.68,14660.19
07/12/2021,14733.24,--,14743.86,14761.08,14672.63
07/09/2021,14701.92,--,14661.42,14710.2,14552.26
07/08/2021,14559.78,--,14409.2,14610.06,14371.59
07/07/2021,14665.06,--,14753.41,14755.33,14580.79
07/06/2021,14663.64,--,14661.55,14687,14529.8
07/02/2021,14639.33,--,14582.98,14649.11,14555.34
07/01/2021,14522.38,--,14493.69,14533.55,14439.4
06/30/2021,14503.95,--,14509.85,14526.81,14478.06
06/29/2021,14528.33,--,14509.19,14535.97,14471.38
06/28/2021,14500.51,--,14417.81,14505.19,14417.2
06/25/2021,14360.39,--,14400.81,14409.08,14337.65
06/24/2021,14369.71,--,14357.27,14414.46,14333.7
06/23/2021,14271.73,--,14263.38,14317.66,14246.3
06/22/2021,14253.27,--,14138.29,14269.77,14121
06/21/2021,14141.48,--,14047.42,14150.78,13960.04
06/18/2021,14030.38,--,14096.93,14129.22,14009.04
06/17/2021,14161.35,--,13999.13,14196.21,13998.93
06/16/2021,14039.68,--,14085.55,14129.69,13903.73
06/15/2021,14072.86,--,14166.64,14171.02,14052.16
06/14/2021,14174.14,--,14083.47,14175.45,14056.67
06/11/2021,14069.42,--,14030.85,14069.42,14006.59
06/10/2021,14020.33,--,13933.88,14031.19,13904.4
06/09/2021,13911.75,--,13980.23,14003.5,13906.45
06/08/2021,13924.91,--,13946.32,13981.72,13831.98
06/07/2021,13881.72,--,13802.82,13889.11,13784.89
06/04/2021,13814.49,--,13697.25,13826.82,13692.01
06/03/2021,13614.51,--,13655.75,13684.13,13548.93
06/02/2021,13756.33,--,13743.24,13775.89,13689.74
06/01/2021,13736.48,--,13829.06,13836.17,13678.77
05/28/2021,13748.74,--,13792.05,13820.87,13747.61
05/27/2021,13736.28,--,13742.58,13776.52,13701.63
05/26/2021,13738,--,13693.94,13750.16,13679.59
05/25/2021,13657.17,--,13721.54,13751.14,13631.8
05/24/2021,13661.17,--,13661.17,13708.85,13551.01
05/21/2021,13470.99,--,13616.19,13616.58,13463.26
05/20/2021,13535.74,--,13356.63,13563.52,13355.71
05/19/2021,13299.74,--,13078.19,13304.61,13072.23
05/18/2021,13303.64,--,13416.9,13485.34,13299.93
05/17/2021,13379.05,--,13368.8,13399.17,13265.4
05/14/2021,13379.05,--,13255.65,13460.88,13242.97
05/13/2021,13124.99,--,13150.94,13247.87,13007.24
05/12/2021,13031.68,--,13215.49,13288.61,13002.54
05/11/2021,13389.43,--,13363.99,13423.31,13107.67
05/10/2021,13401.86,--,13687.59,13687.93,13401.74
05/07/2021,13752.24,--,13723.09,13828.62,13690.75
05/06/2021,13632.84,--,13557.83,13635.73,13439.39
05/05/2021,13582.42,--,13731.13,13753.05,13553.93
05/04/2021,13633.5,--,13774.51,13795.57,13485.59
05/03/2021,13895.12,--,14031.77,14042.12,13881.51
04/30/2021,13962.68,--,13970.73,14084.76,13941.63
04/29/2021,14082.55,--,14204.51,14211.57,13952.8
04/28/2021,14051.03,--,14082.78,14133.65,14034.7
04/27/2021,14090.22,--,14170.91,14171.24,14064.28
04/26/2021,14138.78,--,14052.38,14154.03,14019.5
04/23/2021,14016.81,--,13861.37,14062.74,13856.83
04/22/2021,13818.41,--,13952.57,14015.87,13771.04
04/21/2021,13950.22,--,13745.77,13951.35,13706.86
04/20/2021,13786.27,--,13894.46,13927.67,13698.67
04/19/2021,13914.77,--,13984.58,14041.79,13842.57
04/16/2021,14052.34,--,14059.11,14062.5,13977.05
04/15/2021,14038.76,--,13983.23,14049.13,13970.42
04/14/2021,13857.84,--,14005.27,14033.63,13839.04
04/13/2021,13996.1,--,13902.45,14011.51,13902.45
04/12/2021,13850,--,13854.44,13877,13783.95
04/09/2021,13900.19,--,13787.01,13905.41,13748.35
04/08/2021,13829.31,--,13796.89,13830.14,13758.71
04/07/2021,13688.84,--,13675.3,13733.03,13653.59
04/06/2021,13698.38,--,13681.67,13776.71,13674.28
04/05/2021,13705.59,--,13594.9,13720.58,13582.76
04/01/2021,13480.11,--,13414.32,13487.08,13404.18
03/31/2021,13246.87,--,13122.57,13325.54,13118.38
03/30/2021,13045.39,--,13008.8,13075.75,12922.57
03/29/2021,13059.65,--,13103.97,13143.41,12968.16
03/26/2021,13138.72,--,12996.03,13149.55,12878.72
03/25/2021,12977.68,--,12844.58,13021.86,12786.81
03/24/2021,12961.89,--,13289.24,13292.92,12961.35
03/23/2021,13227.7,--,13381.43,13405.14,13202.43
03/22/2021,13377.54,--,13278.78,13455.64,13278.78
03/19/2021,13215.24,--,13119.9,13252.37,13039.45
03/18/2021,13116.17,--,13349.2,13384.46,13101.92
03/17/2021,13525.2,--,13336.91,13595,13272.69
03/16/2021,13471.57,--,13523.17,13620.71,13397.08
03/15/2021,13459.71,--,13323.47,13460.35,13272.5
03/12/2021,13319.86,--,13222.81,13324.69,13158.72
03/11/2021,13398.67,--,13273.31,13433.62,13246.33
03/10/2021,13068.83,--,13234.73,13277.11,13035.44
03/09/2021,13073.82,--,12923.07,13151.54,12882.49
03/08/2021,12609.16,--,12904.26,13001,12599.23
03/05/2021,12920.15,--,12860.04,12941.21,12397.05
03/04/2021,12723.47,--,12953.99,13068.71,12553.96
03/03/2021,12997.75,--,13336.25,13372.52,12995.07
03/02/2021,13358.79,--,13599.45,13601.33,13352
03/01/2021,13588.83,--,13406.16,13596.59,13362.66
02/26/2021,13192.35,--,13192.35,13368.06,13024.53
02/25/2021,13119.43,--,13512.64,13602.86,13066.38
02/24/2021,13597.97,--,13400.25,13607.36,13286.59
02/23/2021,13465.2,--,13262.61,13526.09,13003.98
02/22/2021,13533.05,--,13714.2,13757.06,13530.96
02/19/2021,13874.46,--,13929.2,13985.58,13842.6
02/18/2021,13865.36,--,13814.67,13905.96,13714.35
02/17/2021,13965.49,--,13911.65,13976.43,13804.26
02/16/2021,14047.5,--,14152.21,14175.11,13995.45
02/12/2021,14095.47,--,13979.21,14102.04,13937.71
02/11/2021,14025.77,--,14045.21,14058.91,13916.85
02/10/2021,13972.53,--,14093.35,14109.12,13845.47
02/09/2021,14007.7,--,13966.81,14044.95,13966.55
02/08/2021,13987.64,--,13937.06,13987.74,13894.15
02/05/2021,13856.3,--,13824.88,13878.16,13761.66
02/04/2021,13777.74,--,13674.06,13778.42,13631.62
02/03/2021,13610.54,--,13718.31,13723.83,13585.34
02/02/2021,13612.78,--,13543.1,13652.69,13535.86
02/01/2021,13403.39,--,13226.18,13431.46,13132.47
01/29/2021,13070.69,--,13284.72,13322,12985.05
01/28/2021,13337.16,--,13323.29,13507.64,13316.52
01/27/2021,13270.6,--,13486.58,13538.42,13192.91
01/26/2021,13626.06,--,13681.72,13702.69,13603.19
01/25/2021,13635.99,--,13681.21,13728.98,13368.68
01/22/2021,13543.06,--,13474.81,13567.14,13463.66
01/21/2021,13530.91,--,13521.48,13560.35,13454.07
01/20/2021,13457.25,--,13342.55,13486.13,13329.77
01/19/2021,13197.18,--,13132.73,13206.86,13078.7
01/15/2021,12998.5,--,13099.9,13139.83,12949.76
01/14/2021,13112.64,--,13174.75,13220.16,13098.41
01/13/2021,13128.95,--,13088.01,13171.15,13051.06
01/12/2021,13072.43,--,13062.06,13105.04,12963.92
01/11/2021,13036.43,--,13048.78,13138.27,12999.51
01/08/2021,13201.98,--,13160.22,13208.09,13036.55
01/07/2021,13067.48,--,12867.34,13090.91,12867.34
01/06/2021,12740.79,--,12666.15,12909.63,12649.99
01/05/2021,12818.96,--,12665.65,12828.27,12665.65
01/04/2021,12698.45,--,12958.52,12958.72,12543.24
12/31/2020,12888.28,--,12877.09,12902.07,12821.23
12/30/2020,12870,--,12906.51,12924.93,12857.76
12/29/2020,12850.22,--,12965.39,12973.33,12821.96
12/28/2020,12899.42,--,12914.64,12930.89,12827.45
12/24/2020,12804.73,--,12791.54,12833.55,12767.64
12/23/2020,12771.11,--,12834.94,12841.92,12758.67
12/22/2020,12807.92,--,12785.22,12840.57,12695.31
12/21/2020,12742.52,--,12596.14,12751.27,12525.22
12/18/2020,12755.64,--,12804.93,12809.6,12654.6
12/17/2020,12764.75,--,12730.78,12765.25,12696.35
12/16/2020,12658.19,--,12611.04,12687.32,12566.38
12/15/2020,12595.06,--,12543.26,12596.13,12465.42
12/14/2020,12440.04,--,12447.44,12543,12432.71
12/11/2020,12377.87,--,12336.79,12383.5,12246.77
12/10/2020,12405.81,--,12247.55,12431.56,12214.74
12/09/2020,12338.95,--,12591.69,12607.14,12290.78
12/08/2020,12582.77,--,12503.17,12594.54,12453.21
12/07/2020,12519.95,--,12461,12536.23,12460.55
12/04/2020,12464.23,--,12399.32,12464.23,12376.44
12/03/2020,12377.18,--,12369.26,12439.02,12356.99
12/02/2020,12349.37,--,12285.75,12360.06,12217.35
12/01/2020,12355.11,--,12313.36,12405.79,12263.93
11/30/2020,12198.74,--,12224.25,12244.65,12027.16
11/27/2020,12205.85,--,12159.18,12236.23,12154.57
11/25/2020,12094.4,--,12069.34,12114.77,12020.95
11/24/2020,12037.33,--,11939.33,12049.88,11863.45
11/23/2020,11881.17,--,11916.76,11949.33,11796.53
11/20/2020,11854.97,--,11892.7,11935.47,11852.51
11/19/2020,11904.71,--,11779.04,11912.63,11760.98
11/18/2020,11801.6,--,11896.06,11942.49,11799.96
11/17/2020,11899.34,--,11913.35,11950.18,11852.41
11/16/2020,11924.13,--,11847.11,11937.72,11814.89
11/13/2020,11829.29,--,11794.94,11849.79,11715.52
11/12/2020,11709.59,--,11802.5,11847.84,11666.37
11/11/2020,11786.43,--,11656.65,11793.57,11638.9
11/10/2020,11553.86,--,11622.44,11665.87,11424.61
11/09/2020,11713.78,--,12046.66,12108.07,11703.49
11/06/2020,11895.23,--,11869.9,11920.54,11737.13
11/05/2020,11890.93,--,11816.33,11924.28,11784.15
11/04/2020,11590.78,--,11443.77,11663.31,11394.21
11/03/2020,11160.57,--,11038.66,11213.92,11004.84
11/02/2020,10957.61,--,11010.45,11071.08,10830.95
10/30/2020,10911.59,--,11103.47,11129.81,10822.57
10/29/2020,11185.59,--,11064.47,11287.63,11030.19
10/28/2020,11004.87,--,11230.9,11249.95,10999.07
10/27/2020,11431.35,--,11409.34,11465.06,11361.86
10/26/2020,11358.94,--,11440.64,11545.63,11221.06
10/23/2020,11548.28,--,11536,11548.85,11434.86
10/22/2020,11506.01,--,11526.97,11548.77,11369.29
10/21/2020,11484.69,--,11530.39,11613.79,11476.08
10/20/2020,11516.49,--,11609.56,11632.89,11471.23
10/19/2020,11478.88,--,11732.34,11778.11,11454.57
10/16/2020,11671.56,--,11761.83,11827.42,11648.53
10/15/2020,11713.87,--,11559.88,11740.68,11559.1
10/14/2020,11768.73,--,11889.07,11939.92,11714.35
10/13/2020,11863.9,--,11901.76,11946.98,11821.83
10/12/2020,11876.26,--,11732.32,11965.54,11704.13
10/09/2020,11579.94,--,11487.6,11581.23,11476.66
10/08/2020,11420.98,--,11443.35,11448.23,11384.33
10/07/2020,11364.6,--,11271.68,11380.56,11258.35
10/06/2020,11154.6,--,11314.53,11392.41,11124.45
10/05/2020,11332.49,--,11169.11,11335.21,11162.52
10/02/2020,11075.02,--,11082.53,11244.87,11033.69
10/01/2020,11326.51,--,11291.99,11344.13,11240.53
09/30/2020,11167.51,--,11092.9,11277.96,11092.9
09/29/2020,11085.25,--,11109,11153.23,11065.63
09/28/2020,11117.52,--,11084.38,11120.79,11019.14
09/25/2020,10913.56,--,10680.46,10939.55,10639.98
09/24/2020,10672.27,--,10551.02,10799.55,10520.22
09/23/2020,10632.99,--,10950.82,10962.03,10612.91
09/22/2020,10963.64,--,10873.3,10979.65,10737.52
09/21/2020,10778.8,--,10536.08,10782.74,10519.49
09/18/2020,10793.28,--,10973.45,10977.68,10639.95
09/17/2020,10910.28,--,10796.05,10974.45,10783.81
09/16/2020,11050.47,--,11222.08,11245.42,11046.43
09/15/2020,11190.32,--,11201.25,11244.46,11127.98
09/14/2020,11056.65,--,11010.14,11118.29,10982.26
09/11/2020,10853.55,--,11010.07,11033.04,10728.03
09/10/2020,10919.59,--,11235.53,11299.53,10875.02
09/09/2020,11141.56,--,11064.76,11217.69,10970.45
09/08/2020,10847.69,--,10900.69,11131.5,10837.2
09/04/2020,11313.13,--,11396.24,11531.18,10875.87
09/03/2020,11458.1,--,11861.9,11894.4,11361.36
09/02/2020,12056.44,--,12047.26,12074.06,11836.18
09/01/2020,11939.67,--,11850.96,11945.72,11794.78
08/31/2020,11775.46,--,11718.81,11829.84,11697.41
08/28/2020,11695.63,--,11689.28,11708.77,11634.77
08/27/2020,11625.34,--,11688.19,11730.01,11551.01
08/26/2020,11665.06,--,11516.62,11672.05,11507.46
08/25/2020,11466.47,--,11370.23,11468.26,11343.04
08/24/2020,11379.72,--,11449.25,11462.05,11297.53
08/21/2020,11311.8,--,11258.44,11326.21,11245.44
08/20/2020,11264.95,--,11096.4,11283.62,11090.03
08/19/2020,11146.46,--,11214.8,11257.42,11132.1
08/18/2020,11210.84,--,11170.75,11230.61,11103.83
08/17/2020,11129.73,--,11083.24,11144.53,11080.3
08/14/2020,11019.3,--,11042.24,11058.44,10972.06
08/13/2020,11042.5,--,11026.86,11124.85,11007.5
08/12/2020,11012.24,--,10878.12,11036.72,10877.16
08/11/2020,10782.82,--,10942.66,10989.42,10762.71
08/10/2020,10968.36,--,11033.72,11040.24,10849.46
08/07/2020,11010.98,--,11072.53,11126.04,10920.37
08/06/2020,11108.07,--,10989.98,11121.19,10963.41
08/05/2020,10998.4,--,10967.87,11002.11,10943.72
08/04/2020,10941.17,--,10916.9,10941.91,10852.9
08/03/2020,10902.8,--,10848.64,10927.56,10831.15
07/31/2020,10745.27,--,10741.47,10747.8,10557.7
07/30/2020,10587.81,--,10450.12,10609.59,10412.09
07/29/2020,10542.94,--,10474.7,10567.91,10464
07/28/2020,10402.09,--,10509.2,10523.64,10397.87
07/27/2020,10536.27,--,10421.7,10546.44,10399.86
07/24/2020,10363.18,--,10294.41,10418.75,10217.31
07/23/2020,10461.42,--,10689.5,10728.12,10407.87
07/22/2020,10706.13,--,10687.58,10745.32,10627.45
07/21/2020,10680.36,--,10837.88,10839.93,10650.46
07/20/2020,10767.09,--,10526.02,10783.8,10488.04
07/17/2020,10503.19,--,10500.52,10532.62,10421.21
07/16/2020,10473.83,--,10443.87,10499.79,10364.39
07/15/2020,10550.49,--,10576.72,10604.67,10420.54
07/14/2020,10488.58,--,10310.25,10497.83,10182.46
07/13/2020,10390.84,--,10729.92,10824.78,10368.04
07/10/2020,10617.44,--,10545.91,10622.35,10447.01
07/09/2020,10547.75,--,10563.72,10578.1,10379.91
07/08/2020,10492.5,--,10409.35,10494.63,10350.96
07/07/2020,10343.89,--,10412.46,10518.98,10337.98
07/06/2020,10433.65,--,10360.38,10462.05,10354.98
07/02/2020,10207.63,--,10268.67,10310.36,10194.06
07/01/2020,10154.63,--,10063.67,10197.19,10048.04
06/30/2020,10058.77,--,9875.29,10085.59,9863.67
06/29/2020,9874.15,--,9771.72,9877.34,9663.61
06/26/2020,9757.22,--,9995.12,10000.67,9749.07
06/25/2020,10017,--,9899.36,10023.28,9810.47
06/24/2020,9909.17,--,10092.92,10137.5,9842.22
06/23/2020,10131.37,--,10130.83,10221.85,10112.44
06/22/2020,10056.47,--,9945.49,10059.61,9916.6
06/19/2020,9946.12,--,10042.13,10053.91,9872.94
06/18/2020,9943.05,--,9892.48,9959.2,9885.66
06/17/2020,9910.53,--,9943.31,9991.21,9891.81
06/16/2020,9895.87,--,9949.78,9963.63,9748.38
06/15/2020,9726.02,--,9426.9,9756.07,9403
06/12/2020,9588.81,--,9715.87,9768.64,9413.62
06/11/2020,9492.73,--,9791.24,9868.08,9491.3
06/10/2020,10020.35,--,10012.32,10086.89,9962.58
06/09/2020,9953.75,--,9867.19,10002.5,9863.27
06/08/2020,9924.74,--,9823.44,9927.13,9780.61
06/05/2020,9814.08,--,9703.54,9845.69,9685.35
06/04/2020,9615.81,--,9649.65,9716.14,9560.41
06/03/2020,9682.91,--,9651.86,9707.78,9627.18
06/02/2020,9608.37,--,9566.53,9611.22,9472.08
06/01/2020,9552.05,--,9471.42,9571.28,9462.32
05/29/2020,9489.87,--,9382.35,9505.55,9324.73
05/28/2020,9368.99,--,9392.99,9523.64,9345.28
05/27/2020,9412.36,--,9346.12,9414.62,9144.28
05/26/2020,9340.22,--,9501.21,9501.21,9333.16
05/22/2020,9324.59,--,9278.55,9328.28,9239.41
05/21/2020,9284.88,--,9375.19,9405.25,9254.85
05/20/2020,9375.78,--,9305.62,9392.82,9304.2
05/19/2020,9185.1,--,9227.46,9317.25,9183.25
05/18/2020,9234.83,--,9177.15,9267.22,9154.35
05/15/2020,9014.56,--,8839.99,9018.4,8821.38
05/14/2020,8943.72,--,8788.04,8945.71,8705.25
05/13/2020,8863.17,--,9006.05,9074.16,8752.68
05/12/2020,9002.55,--,9225.14,9250.96,9000.06
05/11/2020,9192.34,--,9054.91,9241.92,9053.17
05/08/2020,9121.32,--,9056.89,9125.98,9018.21
05/07/2020,8979.66,--,8973.78,9015.99,8932.85
05/06/2020,8854.39,--,8874.7,8933.25,8819.37
05/05/2020,8809.12,--,8809.66,8909.96,8781.31
05/04/2020,8710.71,--,8555.32,8715.82,8537.83
05/01/2020,8604.95,--,8681.29,8754.46,8566.84
04/30/2020,8889.55,--,8911.01,8926.11,8825.83
04/29/2020,8914.71,--,8802.7,8957.26,8765.01
04/28/2020,8607.73,--,8825.68,8830.57,8600.7
04/27/2020,8730.16,--,8717.98,8754.57,8697.37
04/24/2020,8634.52,--,8530.08,8642.93,8464.42
04/23/2020,8494.75,--,8528.84,8635.22,8475.2
04/22/2020,8495.38,--,8434.55,8537.31,8404.54
04/21/2020,8263.23,--,8460.69,8480.29,8215.69
04/20/2020,8560.73,--,8553.37,8684.91,8553.37
04/17/2020,8650.14,--,8667.48,8670.3,8531.69
04/16/2020,8532.36,--,8479.11,8560.16,8393.27
04/15/2020,8393.18,--,8355.96,8464.66,8308.79
04/14/2020,8515.74,--,8353.21,8531.11,8338.09
04/13/2020,8192.42,--,8127.69,8200.44,8035.95
04/09/2020,8153.58,--,8169.01,8227.91,8072.32
04/08/2020,8090.9,--,7975.72,8114.43,7901.94
04/07/2020,7887.26,--,8129.99,8146.43,7881.22
04/06/2020,7913.24,--,7660.17,7938.33,7617.79
04/03/2020,7373.08,--,7477.27,7518.72,7288.11
04/02/2020,7487.31,--,7317.45,7501.7,7307.95
04/01/2020,7360.58,--,7459.5,7566.37,7301.98
03/31/2020,7700.1,--,7740.06,7880.31,7642.86
03/30/2020,7774.15,--,7583.46,7784.35,7539.97
03/27/2020,7502.38,--,7554.25,7716.24,7491.13
03/26/2020,7797.54,--,7462.21,7809.82,7462.21
03/25/2020,7384.3,--,7421.36,7671.21,7276.4
03/24/2020,7417.86,--,7196.15,7418.37,7169.86
03/23/2020,6860.67,--,6847.28,6984.94,6631.42
03/20/2020,6879.52,--,7248.07,7354.44,6854.67
03/19/2020,7150.58,--,6996.45,7341.38,6858.38
03/18/2020,6989.84,--,6902.32,7182.83,6686.36
03/17/2020,7334.78,--,7072,7406.23,6828.91
03/16/2020,6904.59,--,7392.73,7422.2,6882.86
03/13/2020,7874.88,--,7610.39,7875.93,7219.09
03/12/2020,7201.8,--,7398.58,7712.33,7194.67
03/11/2020,7952.05,--,8136.25,8181.36,7850.95
03/10/2020,8344.25,--,8219.76,8347.4,7930.43
03/09/2020,7950.68,--,7957.93,8243.31,7943.16
03/06/2020,8575.62,--,8469.02,8612.36,8375.13
03/05/2020,8738.6,--,8790.09,8921.08,8677.39
03/04/2020,9018.09,--,8834.1,9019.96,8757.66
03/03/2020,8684.09,--,8965.1,9070.32,8602.89
03/02/2020,8952.16,--,8667.14,8952.81,8543.35
02/28/2020,8567.37,--,8269.74,8591.82,8264.16
02/27/2020,8566.48,--,8744.03,8904.11,8562.05
02/26/2020,8980.77,--,9011.55,9148.32,8927.8
02/25/2020,8965.61,--,9301.2,9315.26,8940.49
02/24/2020,9221.28,--,9188.44,9322.88,9166.01
02/21/2020,9576.59,--,9708.01,9715.95,9542.33
02/20/2020,9750.96,--,9799.2,9820.86,9636.94
02/19/2020,9817.18,--,9782.81,9838.37,9777.1
02/18/2020,9732.74,--,9679.04,9747.68,9675.8
02/14/2020,9731.18,--,9728.9,9746.36,9693.05
02/13/2020,9711.97,--,9657.04,9748.32,9650.02
02/12/2020,9725.96,--,9688.6,9728.77,9666.68
02/11/2020,9638.94,--,9680.89,9714.74,9617.21
02/10/2020,9628.39,--,9493.63,9628.66,9493.63
02/07/2020,9520.51,--,9526.64,9570.09,9496.53
02/06/2020,9572.15,--,9540.98,9575.66,9505.68
02/05/2020,9508.68,--,9574.1,9574.94,9454.93
02/04/2020,9467.97,--,9398.39,9485.38,9374.05
02/03/2020,9273.4,--,9190.72,9299.85,9188.55
01/31/2020,9150.94,--,9284.93,9324.8,9123.22
01/30/2020,9298.93,--,9211.15,9303,9185.18
01/29/2020,9275.16,--,9318.26,9329.11,9249.04
01/28/2020,9269.68,--,9201.82,9288.87,9182.33
01/27/2020,9139.31,--,9092.46,9185.45,9088.04
01/24/2020,9314.91,--,9446.2,9451.43,9273.23
01/23/2020,9402.48,--,9377.72,9409.2,9334.13
01/22/2020,9383.77,--,9413.61,9439.29,9375.13
01/21/2020,9370.81,--,9361.07,9397.58,9350.2
01/17/2020,9388.94,--,9392.37,9393.48,9346.81
01/16/2020,9357.13,--,9313.45,9357.92,9301.32
01/15/2020,9258.7,--,9253.76,9298.82,9231.14
01/14/2020,9251.33,--,9270.61,9298.33,9226.49
01/13/2020,9273.93,--,9213.72,9274.49,9193.06
01/10/2020,9178.86,--,9232.94,9235.2,9164.66
01/09/2020,9203.43,--,9202.27,9215.95,9158.5
01/08/2020,9129.24,--,9068.03,9168.89,9059.38
01/07/2020,9068.58,--,9076.64,9091.93,9042.55
01/06/2020,9071.46,--,8943.5,9072.41,8943.5
01/03/2020,9020.77,--,8976.43,9065.76,8976.43
01/02/2020,9092.19,--,9039.46,9093.43,9010.89
12/31/2019,8972.6,--,8918.74,8975.35,8912.77
12/30/2019,8945.99,--,9004.45,9006.36,8909.19
12/27/2019,9006.62,--,9049.47,9052,8987.32
12/26/2019,9022.39,--,8970.21,9022.46,8968.45
12/24/2019,8952.88,--,8955.01,8957.12,8934.36
12/23/2019,8945.65,--,8950.2,8956.64,8934.55
12/20/2019,8924.96,--,8911.84,8931.91,8901.87
12/19/2019,8887.22,--,8838.97,8888.13,8838.97
12/18/2019,8827.73,--,8834.65,8848.76,8820.42
12/17/2019,8823.36,--,8829.47,8831.99,8804.6
12/16/2019,8814.23,--,8791.31,8833.45,8789.77
12/13/2019,8734.88,--,8713.91,8768.87,8697.58
12/12/2019,8717.32,--,8645.36,8745.82,8633.6
12/11/2019,8654.05,--,8631.12,8658.48,8622.35
12/10/2019,8616.18,--,8623.56,8650.76,8600.82
12/09/2019,8621.83,--,8650.86,8678.85,8619.77
12/06/2019,8656.53,--,8634.25,8665.44,8630.57
12/05/2019,8570.7,--,8587.93,8588.89,8541.92
12/04/2019,8566.67,--,8557.45,8584.88,8552.38
12/03/2019,8520.64,--,8460.72,8523.98,8435.4
12/02/2019,8567.99,--,8672.84,8672.84,8540.16
11/29/2019,8665.47,--,8682.01,8697.32,8664.04
11/27/2019,8705.18,--,8669.59,8705.91,8662.58
11/26/2019,8647.93,--,8635.4,8659.73,8625.62
11/25/2019,8632.49,--,8559.65,8633.15,8559.65
11/22/2019,8519.88,--,8530.54,8535.46,8477.49
11/21/2019,8506.21,--,8527.87,8530.73,8487.29
11/20/2019,8526.73,--,8543.57,8578.27,8468.63
11/19/2019,8570.66,--,8578.02,8589.76,8536.73
11/18/2019,8549.94,--,8529.16,8559.78,8503.62
11/15/2019,8540.83,--,8524.48,8540.83,8506.8
11/14/2019,8479.02,--,8461.06,8485.36,8441.58
11/13/2019,8482.1,--,8455.02,8496.9,8451.34
11/12/2019,8486.09,--,8471.07,8514.84,8462.99
11/11/2019,8464.28,--,8431.26,8467.29,8425.48
11/08/2019,8475.31,--,8422.67,8475.57,8405.89
11/07/2019,8434.52,--,8455.11,8483.16,8415.87
11/06/2019,8410.63,--,8426.57,8426.57,8379.33
11/05/2019,8434.68,--,8446.62,8457.39,8421.05
11/04/2019,8433.2,--,8445.5,8451.37,8421.3
11/01/2019,8386.4,--,8335.05,8386.75,8326.56
10/31/2019,8292.36,--,8314.38,8321.8,8248.81
10/30/2019,8303.98,--,8284.28,8315.5,8241.7
10/29/2019,8276.85,--,8313.35,8319.29,8275.14
10/28/2019,8325.99,--,8285.77,8335.56,8285.27
10/25/2019,8243.12,--,8150.59,8249.97,8150.59
10/24/2019,8185.8,--,8180.04,8187.84,8137.66
10/23/2019,8119.79,--,8090.24,8122.88,8078.35
10/22/2019,8104.3,--,8188.12,8194.62,8101.98
10/21/2019,8162.99,--,8137.42,8164.14,8117.26
10/18/2019,8089.54,--,8149.85,8157.36,8045.37
10/17/2019,8156.85,--,8176.91,8183.64,8131.25
10/16/2019,8124.18,--,8119.81,8146.15,8103.38
10/15/2019,8148.71,--,8074.85,8166.18,8071.81
10/14/2019,8048.65,--,8044.35,8069.85,8036.41
10/11/2019,8057.04,--,8085.2,8115.8,8046.8
10/10/2019,7950.78,--,7904.56,7982.84,7899.81
10/09/2019,7903.74,--,7895.96,7930.92,7873.52
10/08/2019,7823.78,--,7898.27,7921.88,7823.73
10/07/2019,7956.29,--,7956.41,8013.31,7942.08
10/04/2019,7982.47,--,7908.44,7986.62,7899.39
10/03/2019,7872.26,--,7787.02,7872.26,7700
10/02/2019,7785.25,--,7851.13,7852.7,7744.96
10/01/2019,7908.68,--,8026.83,8062.5,7906.29
09/30/2019,7999.34,--,7964.09,8012.16,7949.63
09/27/2019,7939.63,--,8047.11,8051.83,7890.28
09/26/2019,8030.66,--,8070.12,8072.11,7991.02
09/25/2019,8077.38,--,7990.66,8095,7935.57
09/24/2019,7993.63,--,8147.23,8158.83,7969.65
09/23/2019,8112.46,--,8106.49,8135.81,8085.34
09/20/2019,8117.67,--,8184.88,8202.82,8086.16
09/19/2019,8182.88,--,8193.59,8237.43,8174.32
09/18/2019,8177.39,--,8174.62,8179.87,8086.22
09/17/2019,8186.02,--,8148.65,8188.23,8139.82
09/16/2019,8153.54,--,8121.64,8165.33,8121.25
09/13/2019,8176.71,--,8190.57,8210.2,8165.47
09/12/2019,8194.47,--,8206.58,8243.8,8176.73
09/11/2019,8169.68,--,8091.68,8169.68,8081.56
09/10/2019,8084.16,--,8049.98,8086.53,8001.68
09/09/2019,8087.44,--,8130.91,8131.66,8052.34
09/06/2019,8103.07,--,8125.58,8134.39,8098.52
09/05/2019,8116.83,--,8061.29,8134.42,8061.29
09/04/2019,7976.88,--,7949.81,7981.41,7928.94
09/03/2019,7874.16,--,7906.44,7940.37,7847.32
08/30/2019,7962.88,--,8015.16,8017.91,7914.74
08/29/2019,7973.39,--,7945.78,7992.29,7925.83
08/28/2019,7856.88,--,7798.35,7866.87,7766.67
08/27/2019,7826.95,--,7908.78,7916.83,7795.18
08/26/2019,7853.74,--,7829.58,7856.04,7789.05
08/23/2019,7751.77,--,7943.65,8005.34,7730.77
08/22/2019,7991.39,--,8038.79,8048.58,7937.12
08/21/2019,8020.21,--,8017.07,8036.94,7998.5
08/20/2019,7948.56,--,7989.36,8010.58,7948.09
08/19/2019,8002.81,--,8006.18,8026.75,7974.36
08/16/2019,7895.99,--,7828.35,7907.52,7828.35
08/15/2019,7766.62,--,7790.2,7805.93,7716.55
08/14/2019,7773.94,--,7877.33,7900.28,7762.87
08/13/2019,8016.36,--,7852.37,8065.24,7851.58
08/12/2019,7863.41,--,7907.49,7924.99,7833.79
08/09/2019,7959.14,--,7997.19,8020.56,7910.35
08/08/2019,8039.16,--,7921.59,8041.12,7896.15
08/07/2019,7862.83,--,7747.27,7881.38,7702.42
08/06/2019,7833.27,--,7804.51,7845.01,7739.57
08/05/2019,7726.04,--,7823.33,7836.45,7662.9
08/02/2019,8004.07,--,8056.42,8068.8,7953.67
08/01/2019,8111.12,--,8190.56,8311.04,8080.52
07/31/2019,8175.42,--,8290.8,8299.83,8110.02
07/30/2019,8273.61,--,8231.77,8295.46,8228.02
07/29/2019,8293.33,--,8325.1,8325.28,8247.37
07/26/2019,8330.21,--,8294.3,8339.64,8291.12
07/25/2019,8238.54,--,8294.68,8295.95,8233.4
07/24/2019,8321.5,--,8227.36,8321.81,8226.5
07/23/2019,8251.4,--,8242.5,8251.83,8193.89
07/22/2019,8204.14,--,8171.99,8218.42,8171.54
07/19/2019,8146.49,--,8241.34,8245.78,8144.63
07/18/2019,8207.24,--,8151.76,8215.58,8135.12
07/17/2019,8185.21,--,8224,8230.67,8184.66
07/16/2019,8222.8,--,8251.66,8259.75,8204.23
07/15/2019,8258.19,--,8263.18,8264.78,8236.27
07/12/2019,8244.14,--,8209.2,8245.66,8201.52
07/11/2019,8196.04,--,8219.28,8226.18,8171.63
07/10/2019,8202.53,--,8183.19,8228.6,8160.56
07/09/2019,8141.73,--,8061.41,8146.98,8061.32
07/08/2019,8098.38,--,8112.91,8112.91,8078.39
07/05/2019,8161.79,--,8123.28,8171.97,8093.66
07/03/2019,8170.23,--,8129.57,8170.23,8122.34
07/02/2019,8109.09,--,8086.65,8109.37,8063.1
07/01/2019,8091.16,--,8145.85,8150.45,8059.29
06/28/2019,8006.24,--,7988.76,8010.15,7961.46
06/27/2019,7967.76,--,7939.36,7976.58,7935.47
06/26/2019,7909.97,--,7933.92,7974.28,7903.07
06/25/2019,7884.72,--,8005.27,8007.31,7879.15
06/24/2019,8005.7,--,8040.58,8047.56,8004.63
06/21/2019,8031.71,--,8028.69,8073.02,8011.2
06/20/2019,8051.34,--,8087.45,8088.88,7996.87
06/19/2019,7987.32,--,7970.26,7998.59,7930.38
06/18/2019,7953.88,--,7920.98,8005.21,7911.67
06/17/2019,7845.02,--,7819.43,7865.98,7812.61
06/14/2019,7796.66,--,7807.19,7819.21,7778.12
06/13/2019,7837.13,--,7822.56,7848.36,7813.6
06/12/2019,7792.72,--,7803.13,7819.16,7773.97
06/11/2019,7822.57,--,7901.04,7909.99,7798.63
06/10/2019,7823.17,--,7798.87,7895.44,7795.76
06/07/2019,7742.1,--,7652.97,7767.02,7647.91
06/06/2019,7615.55,--,7582.24,7634.12,7546.22
06/05/2019,7575.48,--,7585.68,7589.47,7498.17
06/04/2019,7527.12,--,7413.94,7529.5,7385.02
06/03/2019,7333.02,--,7441.21,7457.66,7292.22
05/31/2019,7453.15,--,7470.95,7506.86,7448.23
05/30/2019,7567.72,--,7565.46,7595.9,7527.66
05/29/2019,7547.31,--,7553.02,7581.11,7503.94
05/28/2019,7607.35,--,7655.66,7693.74,7603.76
05/24/2019,7637.01,--,7675.57,7694.15,7631.25
05/23/2019,7628.28,--,7660.72,7665.15,7585.32
05/22/2019,7750.84,--,7749.8,7786.33,7738.35
05/21/2019,7785.72,--,7765.57,7804.44,7752.92
05/20/2019,7702.38,--,7714.06,7747.27,7678.35
05/17/2019,7816.28,--,7829.03,7918.71,7810.35
05/16/2019,7898.05,--,7832.58,7946.23,7826.67
05/15/2019,7822.15,--,7682.8,7838.72,7682.24
05/14/2019,7734.49,--,7689.66,7776.2,7665.3
05/13/2019,7647.02,--,7720.07,7760.83,7627.22
05/10/2019,7916.94,--,7881.31,7949.34,7759.34
05/09/2019,7910.59,--,7853.21,7929.78,7796.16
05/08/2019,7943.32,--,7946.24,8004.49,7923.35
05/07/2019,7963.76,--,8043.52,8070.97,7899.02
05/06/2019,8123.29,--,7981.85,8135.54,7981.85
05/03/2019,8164,--,8092.88,8164.71,8084.8
05/02/2019,8036.77,--,8046.48,8094.06,7976.77
05/01/2019,8049.64,--,8132.93,8146,8048.23
04/30/2019,8095.39,--,8104.91,8124.61,8050.55
04/29/2019,8161.85,--,8147.65,8176.08,8136.41
04/26/2019,8146.4,--,8100.28,8146.42,8060.89
04/25/2019,8118.68,--,8150.85,8151.84,8075.41
04/24/2019,8102.01,--,8122.88,8139.55,8101.7
04/23/2019,8120.82,--,8026.75,8128.87,8023.81
04/22/2019,8015.27,--,7969.37,8017.15,7965.9
04/18/2019,7998.06,--,7998.45,8002.31,7950.97
04/17/2019,7996.08,--,8044.97,8052.4,7973.38
04/16/2019,8000.23,--,8000.57,8017.56,7978.81
04/15/2019,7976.01,--,7987.16,7993.33,7933.56
04/12/2019,7984.16,--,7984.15,7992.09,7952.61
04/11/2019,7947.36,--,7975.2,7975.2,7933.41
04/10/2019,7964.24,--,7922.73,7965.33,7916.9
04/09/2019,7909.28,--,7924.77,7945.55,7897.61
04/08/2019,7953.88,--,7924.89,7955.9,7891.85
04/05/2019,7938.69,--,7914.51,7940.45,7909.14
04/04/2019,7891.78,--,7894.26,7917.65,7844.96
04/03/2019,7895.55,--,7891.18,7938.26,7870.9
04/02/2019,7848.69,--,7824.61,7854.92,7811.28
04/01/2019,7828.91,--,7800.24,7831.45,7777.09
03/29/2019,7729.32,--,7726.71,7733.62,7688.51
03/28/2019,7669.17,--,7660.07,7689.16,7619.82
03/27/2019,7643.38,--,7702.05,7712.84,7582.09
03/26/2019,7691.52,--,7700,7738.17,7649.21
03/25/2019,7637.54,--,7618.98,7662.38,7579.29
03/22/2019,7642.67,--,7800.25,7817.83,7642.57
03/21/2019,7838.96,--,7705.43,7850.11,7705.43
03/20/2019,7728.97,--,7721.95,7779.24,7674.04
03/19/2019,7723.95,--,7747.4,7767.89,7699.15
03/18/2019,7714.48,--,7696.38,7737.67,7677.74
03/15/2019,7688.53,--,7658.41,7714.96,7652.04
03/14/2019,7630.91,--,7644.79,7653.1,7627.02
03/13/2019,7643.41,--,7621.38,7677.07,7619.46
03/12/2019,7591.03,--,7571.85,7611.13,7560.46
03/11/2019,7558.06,--,7442.56,7558.23,7442.4
03/08/2019,7408.14,--,7334.35,7411.52,7332.92
03/07/2019,7421.46,--,7483.79,7489.08,7397.19
03/06/2019,7505.92,--,7575.38,7579.02,7499.87
03/05/2019,7576.36,--,7582.29,7598.66,7543.54
03/04/2019,7577.57,--,7636.62,7643.66,7501.56
03/01/2019,7595.35,--,7587.45,7603.04,7540.75
02/28/2019,7532.53,--,7533.31,7561.9,7516.48
02/27/2019,7554.51,--,7526.42,7562.29,7485.39
02/26/2019,7549.3,--,7535.29,7573.22,7524.31
02/25/2019,7554.46,--,7585.3,7602.69,7551.61
02/22/2019,7527.54,--,7481.63,7527.54,7479.01
02/21/2019,7459.71,--,7475.41,7485.75,7430.89
02/20/2019,7489.07,--,7490.31,7513.7,7455.25
02/19/2019,7486.77,--,7450.75,7507.79,7450.27
02/15/2019,7472.41,--,7468.57,7477.28,7440.26
02/14/2019,7426.95,--,7390.25,7454.42,7375.71
02/13/2019,7420.38,--,7437.46,7461.66,7413.84
02/12/2019,7414.62,--,7358.85,7419.43,7349.8
02/11/2019,7307.9,--,7327.37,7343.56,7290.03
02/08/2019,7298.2,--,7232.3,7299.44,7225.14
02/07/2019,7288.35,--,7316.5,7336.74,7235.05
02/06/2019,7375.28,--,7400.44,7410.77,7346.72
02/05/2019,7402.08,--,7356.34,7408.68,7355.36
02/04/2019,7347.54,--,7266.28,7348.23,7261.07
02/01/2019,7263.87,--,7256.37,7299.94,7243.41
01/31/2019,7281.74,--,7208.17,7303.12,7205.95
01/30/2019,7183.08,--,7094.79,7201.31,7065.57
01/29/2019,7028.29,--,7087.49,7092.29,7011.47
01/28/2019,7085.68,--,7075.01,7086.3,7034.25
01/25/2019,7164.86,--,7128.18,7174.56,7111.09
01/24/2019,7073.46,--,7042.25,7078.96,7029.95
01/23/2019,7025.77,--,7061.65,7084.85,6953.23
01/22/2019,7020.36,--,7109.57,7110.16,6979.81
01/18/2019,7157.23,--,7134.09,7185.38,7096.62
01/17/2019,7084.46,--,7010.13,7113.95,7003.62
01/16/2019,7034.69,--,7033.75,7079.63,7028.12
01/15/2019,7023.83,--,6931.39,7025.85,6928.12
01/14/2019,6905.92,--,6908.03,6936.22,6887.48
01/11/2019,6971.48,--,6947.46,6975.65,6933.6
01/10/2019,6986.07,--,6908.65,6991.37,6877.08
01/09/2019,6957.08,--,6923.06,6985.22,6899.56
01/08/2019,6897,--,6893.44,6909.58,6795.86
01/07/2019,6823.47,--,6757.53,6855.6,6741.4
01/04/2019,6738.86,--,6567.14,6760.69,6554.24
01/03/2019,6463.5,--,6584.77,6600.21,6457.13
01/02/2019,6665.94,--,6506.91,6693.71,6506.88
12/31/2018,6635.28,--,6649.52,6659.96,6570.06
12/28/2018,6584.52,--,6616.79,6684.18,6529.22
12/27/2018,6579.49,--,6457.19,6583.01,6336.97
12/26/2018,6554.36,--,6257.86,6555.53,6214.34
12/24/2018,6192.92,--,6278.49,6355.18,6190.17
12/21/2018,6332.99,--,6573.49,6586.68,6304.63
12/20/2018,6528.41,--,6607.76,6666.2,6447.91
12/19/2018,6636.83,--,6777.59,6868.86,6586.5
12/18/2018,6783.91,--,6809.82,6847.27,6733.71
12/17/2018,6753.73,--,6886.46,6931.81,6710.01
12/14/2018,6910.66,--,6986.37,7027.17,6898.99
12/13/2018,7070.33,--,7135.28,7154.64,7034.82
12/12/2018,7098.31,--,7127,7197.29,7096.56
12/11/2018,7031.83,--,7121.66,7129.83,6983.01
12/10/2018,7020.52,--,6959.63,7047.62,6878.98
12/07/2018,6969.25,--,7163.49,7205.37,6945.27
12/06/2018,7188.26,--,7017.05,7189.52,6984.34
12/04/2018,7158.43,--,7407.95,7421.11,7150.11
12/03/2018,7441.51,--,7486.13,7486.51,7392.22
11/30/2018,7330.54,--,7279.3,7332.79,7255.68
11/29/2018,7273.08,--,7267.37,7319.96,7217.69
11/28/2018,7291.59,--,7135.08,7292.71,7090.98
11/27/2018,7082.7,--,7041.23,7105.14,7014.36
11/26/2018,7081.85,--,7026.5,7083.93,7003.12
11/23/2018,6938.98,--,6919.52,6987.89,6919.16
11/21/2018,6972.25,--,6985.51,7029.92,6951.62
11/20/2018,6908.82,--,6867.43,6994.75,6830.76
11/19/2018,7028.48,--,7217.24,7224.12,7011.4
11/16/2018,7247.87,--,7193.6,7274.86,7171.7
11/15/2018,7259.03,--,7112.83,7274.26,7072.36
11/14/2018,7136.39,--,7265.39,7285.57,7101.17
11/13/2018,7200.87,--,7230.69,7319.12,7182.86
11/12/2018,7200.87,--,7364.05,7371.09,7193.77
11/09/2018,7406.9,--,7468.51,7474.34,7349.48
11/08/2018,7530.88,--,7544.17,7566.93,7499.71
11/07/2018,7570.75,--,7446.09,7572.93,7435.87
11/06/2018,7375.96,--,7326.07,7400.64,7320.89
11/05/2018,7328.85,--,7344.08,7349.23,7255.88
11/02/2018,7356.99,--,7424.02,7466.53,7298.68
11/01/2018,7434.06,--,7327.82,7435.88,7286.5
10/31/2018,7305.9,--,7276.62,7368.49,7270.63
10/30/2018,7161.65,--,7017.87,7166.84,7001.48
10/29/2018,7050.29,--,7272.42,7295.61,6922.83
10/26/2018,7167.21,--,7125.18,7283.32,7057
10/25/2018,7318.34,--,7197.49,7364.82,7178.54
10/24/2018,7108.4,--,7423.21,7435.69,7099
10/23/2018,7437.54,--,7328.55,7472.58,7260.13
10/22/2018,7468.63,--,7486.74,7520.54,7424.74
10/19/2018,7449.03,--,7530.15,7582.89,7428.3
10/18/2018,7485.14,--,7616.47,7616.86,7452.46
10/17/2018,7642.7,--,7669.26,7670.49,7563.09
10/16/2018,7645.49,--,7501.78,7658.14,7493.44
10/15/2018,7430.74,--,7473.33,7500.93,7400.07
10/12/2018,7496.89,--,7507.84,7516.69,7368.33
10/11/2018,7329.06,--,7388.07,7493.21,7274.04
10/10/2018,7422.05,--,7694.08,7701.2,7420.56
10/09/2018,7738.02,--,7728.51,7799.75,7718.95
10/08/2018,7735.95,--,7747.1,7797.32,7654.84
10/05/2018,7788.45,--,7874.76,7902.67,7715.97
10/04/2018,7879.51,--,7993.33,7997.17,7833.16
10/03/2018,8025.09,--,8034.65,8053.93,8012.03
10/02/2018,7999.55,--,8024.47,8054.15,7983.99
10/01/2018,8037.3,--,8091.5,8107.38,8019.77
09/28/2018,8046.35,--,8024.5,8065.06,8015.87
09/27/2018,8041.97,--,8021.22,8071.56,8017.91
09/26/2018,7990.37,--,8011.68,8067.03,7982.76
09/25/2018,8007.47,--,8001.59,8014.12,7979.29
09/24/2018,7993.25,--,7939.38,7997.9,7912.47
09/21/2018,7986.96,--,8041.69,8057.26,7979.67
09/20/2018,8028.23,--,7993.53,8039.06,7986.4
09/19/2018,7950.04,--,7962.54,7976.12,7917.73
09/18/2018,7956.11,--,7903.57,7986.1,7901.01
09/17/2018,7895.79,--,7992.21,8002.78,7890.07
09/14/2018,8010.04,--,8026.16,8040.83,7979.78
09/13/2018,8013.71,--,7999.93,8037.51,7989.85
09/12/2018,7954.23,--,7958.87,7965.39,7884.05
09/11/2018,7972.47,--,7894.87,7986.32,7880.92
09/10/2018,7924.16,--,7939.57,7945.03,7890.39
09/07/2018,7902.54,--,7878.79,7962.53,7873.93
09/06/2018,7922.73,--,7998.27,8001.97,7885.49
09/05/2018,7995.17,--,8073.53,8077.84,7962.35
09/04/2018,8091.25,--,8087.95,8104.07,8042.14
08/31/2018,8109.54,--,8079.31,8119.82,8079.31
08/30/2018,8088.36,--,8094.2,8133.3,8069.57
08/29/2018,8109.69,--,8044.34,8113.56,8042.1
08/28/2018,8030.04,--,8039.01,8046.31,8009.59
08/27/2018,8017.9,--,7989.64,8024.94,7976.6
08/24/2018,7945.98,--,7907.81,7949.71,7907.1
08/23/2018,7878.46,--,7886.47,7926.32,7866.53
08/22/2018,7889.1,--,7844.04,7897.63,7840.84
08/21/2018,7859.17,--,7840.09,7897.68,7836.79
08/20/2018,7821.01,--,7834.37,7837.14,7787.9
08/17/2018,7816.33,--,7786.64,7830.78,7752.68
08/16/2018,7806.52,--,7826.95,7849.67,7795.74
08/15/2018,7774.12,--,7810.02,7832.66,7732.69
08/14/2018,7870.89,--,7847.88,7878.23,7815.5
08/13/2018,7819.71,--,7848,7888.66,7814.27
08/10/2018,7839.11,--,7834.71,7866.19,7818.37
08/09/2018,7891.78,--,7886.51,7923.35,7881.06
08/08/2018,7888.33,--,7880,7901.69,7864.46
08/07/2018,7883.66,--,7878.62,7898.2,7868.65
08/06/2018,7859.68,--,7809.54,7859.68,7801.88
08/03/2018,7812.01,--,7819.23,7824.06,7783.3
08/02/2018,7802.69,--,7659.52,7808.85,7659.52
08/01/2018,7707.29,--,7701.82,7732.68,7670.71
07/31/2018,7671.79,--,7654.59,7709.49,7614.84
07/30/2018,7630,--,7735.27,7740.26,7604.24
07/27/2018,7737.42,--,7889.75,7889.75,7698.96
07/26/2018,7852.18,--,7848.04,7881.3,7834.08
07/25/2018,7932.24,--,7839.09,7933.31,7838.76
07/24/2018,7840.77,--,7914.35,7928.79,7814.33
07/23/2018,7841.87,--,7806.93,7846.76,7776.55
07/20/2018,7820.2,--,7843.08,7860.25,7815.86
07/19/2018,7825.3,--,7829.8,7849.85,7811.15
07/18/2018,7854.44,--,7859.43,7863.77,7822.83
07/17/2018,7855.12,--,7751.97,7867.15,7749.61
07/16/2018,7805.72,--,7831.74,7838.82,7791.98
07/13/2018,7825.98,--,7827.62,7843.52,7803.34
07/12/2018,7823.92,--,7752.71,7825.67,7746.76
07/11/2018,7716.61,--,7698.51,7748.16,7696.58
07/10/2018,7759.2,--,7770.63,7777.48,7731.98
07/09/2018,7756.2,--,7731.74,7757.28,7702.06
07/06/2018,7688.39,--,7595.93,7695.81,7588.65
07/05/2018,7586.43,--,7550.66,7589.19,7511.43
07/03/2018,7502.67,--,7593.63,7594.33,7498.5
07/02/2018,7567.69,--,7451.9,7568.1,7443.1
06/29/2018,7510.3,--,7544.13,7573.59,7502.95
06/28/2018,7503.68,--,7438.11,7526.07,7419.56
06/27/2018,7445.08,--,7586.33,7610.67,7444.17
06/26/2018,7561.63,--,7553.74,7597.49,7527
06/25/2018,7532.01,--,7631.12,7639.73,7477.73
06/22/2018,7692.82,--,7739.69,7739.71,7679.12
06/21/2018,7712.95,--,7800.3,7803.45,7699.2
06/20/2018,7781.51,--,7764.15,7806.6,7755.48
06/19/2018,7725.59,--,7658.47,7727.41,7635.73
06/18/2018,7747.03,--,7692.96,7749.36,7676.83
06/15/2018,7746.38,--,7725.03,7755.72,7704.34
06/14/2018,7761.04,--,7723.53,7768.6,7723.53
06/13/2018,7695.7,--,7713.9,7748.96,7686.65
06/12/2018,7703.79,--,7673.87,7708.25,7669.53
06/11/2018,7659.93,--,7647.24,7677.29,7642.87
06/08/2018,7645.51,--,7607.74,7653.58,7595.14
06/07/2018,7635.07,--,7697.41,7697.41,7597.66
06/06/2018,7689.24,--,7652.8,7691.65,7622.31
06/05/2018,7637.86,--,7621.36,7644.48,7602.38
06/04/2018,7606.46,--,7570.08,7607.17,7561.2
06/01/2018,7554.33,--,7487.66,7557.38,7487.23
05/31/2018,7442.12,--,7455.58,7492.42,7431.41
05/30/2018,7462.45,--,7428.41,7473.81,7423.67
05/29/2018,7396.59,--,7398.51,7435.13,7354.29
05/25/2018,7433.85,--,7422.2,7452.85,7415.58
05/24/2018,7424.43,--,7421.99,7435.38,7357.5
05/23/2018,7425.96,--,7335.03,7426.78,7334.62
05/22/2018,7378.46,--,7420.85,7432.53,7370.33
05/21/2018,7394.04,--,7406.33,7431.83,7368.21
05/18/2018,7354.34,--,7364.34,7381.16,7343.97
05/17/2018,7382.47,--,7379.58,7425.39,7350.46
05/16/2018,7398.3,--,7356.22,7413.32,7356.16
05/15/2018,7351.63,--,7361.3,7363.52,7320.97
05/14/2018,7411.32,--,7429.45,7458.42,7401.89
05/11/2018,7402.88,--,7393.96,7417.67,7372.26
05/10/2018,7404.97,--,7355.9,7414.15,7353.63
05/09/2018,7339.91,--,7281.53,7344.8,7259.05
05/08/2018,7266.9,--,7255.34,7278.81,7224.7
05/07/2018,7265.21,--,7241.82,7291.74,7235.76
05/04/2018,7209.62,--,7065.67,7228.26,7057.89
05/03/2018,7088.15,--,7065.03,7112.59,6991.14
05/02/2018,7100.9,--,7138.45,7169.46,7094.72
05/01/2018,7130.7,--,7053.65,7133.27,7036.18
04/30/2018,7066.27,--,7133.95,7169.8,7065.41
04/27/2018,7119.8,--,7195.52,7197.15,7083.95
04/26/2018,7118.68,--,7080.49,7143.94,7055.66
04/25/2018,7003.74,--,7009.99,7030.74,6926.97
04/24/2018,7007.35,--,7160.77,7171.67,6961.52
04/23/2018,7128.6,--,7173.99,7195.72,7094.43
04/20/2018,7146.13,--,7220.64,7222.99,7123.49
04/19/2018,7238.06,--,7258.61,7277.45,7215.17
04/18/2018,7295.24,--,7292.38,7319.58,7259.9
04/17/2018,7281.1,--,7215.12,7298.59,7206.55
04/16/2018,7156.28,--,7153.87,7178.51,7115.85
04/13/2018,7106.65,--,7179.62,7183.62,7078.14
04/12/2018,7140.25,--,7112.02,7166,7105.09
04/11/2018,7069.03,--,7055,7128.54,7055
04/10/2018,7094.3,--,7060.99,7117.98,7014.88
04/09/2018,6950.34,--,6971.45,7074.95,6944.96
04/06/2018,6915.11,--,6999.57,7066.64,6877.76
04/05/2018,7076.55,--,7099.25,7112.38,7036.62
04/04/2018,7042.11,--,6811.77,7059.29,6811.77
04/03/2018,6941.28,--,6924.35,6963.71,6835.23
04/02/2018,6870.12,--,7016.17,7044.71,6805.96
03/29/2018,7063.44,--,6984.65,7120.46,6935.78
03/28/2018,6949.23,--,6978.3,7036.09,6901.07
03/27/2018,7008.81,--,7255.47,7255.54,6963.68
03/26/2018,7220.54,--,7125.2,7225.83,7022.34
03/23/2018,6992.67,--,7170.68,7194.31,6992.67
03/22/2018,7166.68,--,7257.55,7303.19,7164.38
03/21/2018,7345.29,--,7347.5,7415.66,7325.35
03/20/2018,7364.3,--,7353.25,7380.74,7331.24
03/19/2018,7344.24,--,7419.2,7421.23,7285.27
03/16/2018,7481.99,--,7504.37,7514.21,7473.68
03/15/2018,7481.74,--,7509.24,7525.44,7463.18
03/14/2018,7496.81,--,7539.78,7544.89,7473.9
03/13/2018,7511.01,--,7627.52,7637.27,7492.98
03/12/2018,7588.32,--,7581.04,7609.1,7563.44
03/09/2018,7560.81,--,7475.98,7560.81,7469.03
03/08/2018,7427.95,--,7422.77,7435.01,7391.5
03/07/2018,7396.65,--,7311.74,7403.79,7311.74
03/06/2018,7372.01,--,7366.61,7378.03,7319.68
03/05/2018,7330.7,--,7222.89,7350.07,7205.31
03/02/2018,7257.87,--,7099.54,7267.19,7084.83
03/01/2018,7180.56,--,7274.75,7307.84,7117.66
02/28/2018,7273.01,--,7371.41,7386.8,7273.01
02/27/2018,7330.35,--,7416.17,7438.09,7330.35
02/26/2018,7421.46,--,7373.3,7421.85,7360.25
02/23/2018,7337.39,--,7261.35,7337.83,7232.5
02/22/2018,7210.09,--,7252.46,7280.93,7194.84
02/21/2018,7218.23,--,7258.48,7338.64,7218.11
02/20/2018,7234.31,--,7209.03,7295.95,7206
02/16/2018,7239.47,--,7236.51,7303.26,7226.38
02/15/2018,7256.43,--,7200.75,7256.93,7130.39
02/14/2018,7143.62,--,6979.24,7152.05,6977.07
02/13/2018,7013.51,--,6942.16,7025.68,6938.16
02/12/2018,6981.96,--,6936.68,7023.62,6879.69
02/09/2018,6874.49,--,6863.34,6917.01,6630.67
02/08/2018,6777.16,--,7067.3,7073.99,6776.77
02/07/2018,7051.98,--,7086.2,7170.33,7051.53
02/06/2018,7115.88,--,6837.56,7126.55,6824.82
02/05/2018,6967.53,--,7165.96,7277.36,6967.53
02/02/2018,7240.95,--,7347.59,7364.43,7238.18
02/01/2018,7385.86,--,7377.17,7441.09,7362.28
01/31/2018,7411.48,--,7443.25,7453.99,7381.12
01/30/2018,7402.48,--,7388.89,7433.65,7373.99
01/29/2018,7466.51,--,7484.47,7500.61,7455.55
01/26/2018,7505.77,--,7448.33,7505.77,7431.22
01/25/2018,7411.16,--,7457.94,7458.53,7388.58
01/24/2018,7415.06,--,7474.16,7486.32,7376.75
01/23/2018,7460.29,--,7424.95,7465.39,7423.18
01/22/2018,7408.03,--,7338.04,7408.03,7332.81
01/19/2018,7336.38,--,7312,7336.38,7297.28
01/18/2018,7296.05,--,7293.65,7313.89,7276.11
01/17/2018,7298.28,--,7257.77,7309.36,7229.32
01/16/2018,7223.69,--,7307.19,7330.33,7205.93
